,company,title,location
0,Fusion Plus Solutions Inc,"React.js, Redux HTML,CSS, JavaScript.","Hyderabad, Telangana, India"
1,Fusion Plus Solutions Inc,reactjs,"Hyderabad, Telangana, India"
2,Travash Software Solutions,React.js Developer - HTML/CSS,"Hyderabad, Telangana, India"
3,ShyftLabs,Software Engineer - Frontend,"Hyderabad, Telangana, India"
4,Fusion Plus Solutions Inc,"ReactJS, HTML, CSS, js","Hyderabad, Telangana, India"
5,Fusion Plus Solutions Inc,React Developer,"Hyderabad, Telangana, India"
6,Edwisely,Interesting Job Opportunity: Edwisely - React.js Developer - HTML/CSS3,"Hyderabad, Telangana, India"
7,Fusion Plus Solutions Inc,"React, Javascript, Html/CSS, SQL","Hyderabad, Telangana, India"
8,Fusion Plus Solutions Inc,React JS,"Hyderabad, Telangana, India"
9,Fusion Plus Solutions Inc,REACT Developer,"Hyderabad, Telangana, India"
10,Talent Disruptors,Web Developer - Remote Hyderabad,"Hyderabad, Telangana, India"
11,Swipe (YC S21),React Developer Intern,"Hyderabad, Telangana, India"
12,Fusion Plus Solutions Inc,REACT,"Hyderabad, Telangana, India"
13,Fusion Plus Solutions Inc,"React, Redux , JEST","Hyderabad, Telangana, India"
14,InitiateFirst Information Services,React.js Developer,"Hyderabad, Telangana, India"
15,Mordor Intelligence,Frontend Developer,"Hyderabad, Telangana, India"
16,Fusion Plus Solutions Inc,"ReactJS, JavaScript","Hyderabad, Telangana, India"
17,Fusion Plus Solutions Inc,REACT Developer,"Hyderabad, Telangana, India"
18,Fusion Plus Solutions Inc,React js,"Hyderabad, Telangana, India"
19,Rapid Consulting Services,Frontend Developer,"Hyderabad, Telangana, India"
20,Fusion Plus Solutions Inc,"REACT , REDUX, CSS3, HTML5 AND JAVASCRIPT","Hyderabad, Telangana, India"
21,Fusion Plus Solutions Inc,"ReactJS, JavaScript","Hyderabad, Telangana, India"
22,MegaViz Technologies Private Limited,React JS Developer,"Hyderabad, Telangana, India"
23,CIEL HR,React JS Developer,"Hyderabad, Telangana, India"
24,KC Overseas,React Developer,"Hyderabad, Telangana, India"
25,Fusion Plus Solutions Inc,REACT Developer,"Hyderabad, Telangana, India"
26,Fusion Plus Solutions Inc,React js or Angular js,"Hyderabad, Telangana, India"
27,Hiringhood,React JS Intern,"Hyderabad, Telangana, India"
28,Fusion Plus Solutions Inc,React Developer,"Hyderabad, Telangana, India"
29,Response Informatics,Frontend Developer - React.js/Javascript,"Hyderabad, Telangana, India"
30,Navtech,React Developer,"Hyderabad, Telangana, India"
31,Fusion Plus Solutions Inc,React Js,"Hyderabad, Telangana, India"
32,IDESLABS PRIVATE LIMITED,React Developer,"Hyderabad, Telangana, India"
33,Fusion Plus Solutions Inc,React Js Developer,"Hyderabad, Telangana, India"
34,SquareShift,React.js Developer,"Hyderabad, Telangana, India"
35,U-SET,Frontend Engineer - React.js/Javascript/TypeScript,"Hyderabad, Telangana, India"
36,Seanergy Digital,Interesting Job Opportunity: Seanergy Digital - React.js Developer - HTML/CSS/Javascript,"Hyderabad, Telangana, India"
37,Bandgi Technologies,Bandgi Technologies - React.js Developer - Redux/Javascript,"Hyderabad, Telangana, India"
38,HuntingCube Recruitment Solutions,Frontend Developer,"Hyderabad, Telangana, India"
39,Alp Consulting Ltd.,React JS Developer,"Hyderabad, Telangana, India"
40,Triaksha Automation Technologies Pvt. Ltd.,Front End Developer,"Hyderabad, Telangana, India"
41,Praveza Consultancy Private Limited,React.Js Developer,"Hyderabad, Telangana, India"
42,Fusion Plus Solutions Inc,"React JS, Next JS","Hyderabad, Telangana, India"
43,TechSynchro,Full Stack Developer - Web Applications,"Hyderabad, Telangana, India"
44,Ness Digital Engineering,React Developer,"Hyderabad, Telangana, India"
45,Canonical,"Web Frontend Engineer - JS, CSS, React, Flutter","Hyderabad, Telangana, India"
46,Arrowhead Recruit Inc,Front-End developer,"Hyderabad, Telangana, India"
47,Cloud Destinations,UI Developer - React.js/Javascript/Golang,"Hyderabad, Telangana, India"
48,EITACIES Inc.,React Developer,"Hyderabad, Telangana, India"
49,STREETMARK Info Solutions,React.js Developer,"Hyderabad, Telangana, India"
50,Hitya Global,Interesting Job Opportunity: Senior UI Developer - React.js/Vue.js,"Hyderabad, Telangana, India"
51,IT Minds LLC,Fullstack Developer with React,"Hyderabad, Telangana, India"
52,ESSENWARE PRIVATE LIMITED,Front end Developer,"Hyderabad, Telangana, India"
53,VOCO Technologies,MERN Developers- Hyderabad- Immediate Joiners- Hybrid,"Hyderabad, Telangana, India"
54,TechMojo Solutions,UI Developer,"Hyderabad, Telangana, India"
55,SKILLETY,UI/React developer,"Hyderabad, Telangana, India"
56,Paccore software,Paccore Software - React.js Developer - HTML/CSS/Javascript,"Hyderabad, Telangana, India"
57,Rainsoft Global,React.js Developer - Javascript,"Hyderabad, Telangana, India"
58,Fusion Plus Solutions Inc,Node React,"Hyderabad, Telangana, India"
59,CAW Studios,Associate Frontend Engineer - Internship,"Hyderabad, Telangana, India"
60,Credera,Front End Dev (REACT) with Java,"Hyderabad, Telangana, India"
61,Unify Technologies,MERN Stack Developer,"Hyderabad, Telangana, India"
62,SKILLETY,Front End React JS & D3 Developer,"Hyderabad, Telangana, India"
63,Fusion Plus Solutions Inc,React JS +Node JS,"Hyderabad, Telangana, India"
64,GFL Recruitment Private Limited,Front end Developer Hyderabad,"Hyderabad, Telangana, India"
65,LMV Investment Services Pvt Ltd,Web Development Intern,"Hyderabad, Telangana, India"
66,IT Ridge Technologies,"Permanent opportunity-ReactJS Developer-Hyderabad, India","Hyderabad, Telangana, India"
67,Rizzle,Frontend Engineer,"Hyderabad, Telangana, India"
68,AIFA Labs,Full Stack Developer,"Hyderabad, Telangana, India"
69,Changeleaders.in,UI software Developer,"Hyderabad, Telangana, India"
70,SKILLETY,UI Developer,"Hyderabad, Telangana, India"
71,TechStar Group,Interesting Job Opportunity: Angular Developer - HTML/CSS/Javascript,"Hyderabad, Telangana, India"
72,Unison Consulting,Development Engineer - DigiBank Microservices /Full Stack(W Location: Hyderabad),"Hyderabad, Telangana, India"
73,Revolancer LTD,Frontend Developer,"Hyderabad, Telangana, India"
74,Uplers,Front End Engineer (Hyderabad),"Hyderabad, Telangana, India"
75,Google Operations Center,Developer Specialist,"Hyderabad, Telangana, India"
76,Devotted,React and React Native Developer,"Hyderabad, Telangana, India"
77,Fusion Plus Solutions Inc,UI/UX Developer,"Hyderabad, Telangana, India"
78,PlusPin Healthcare,Fullstack Developer ( MEAN/MERN),"Hyderabad, Telangana, India"
79,Fusion Plus Solutions Inc,React.JS Full Stack Developer,"Hyderabad, Telangana, India"
80,Fusion Plus Solutions Inc,React JS +Java,"Hyderabad, Telangana, India"
81,NexHyte,Frontend Developer (React.js Next.js),"Hyderabad, Telangana, India"
82,Fusion Plus Solutions Inc,React.JS Full Stack Developer,"Hyderabad, Telangana, India"
83,CODEPRISM TECHNOLOGIES PVT. LTD.,Full Stack Developer,"Hyderabad, Telangana, India"
84,Ness Digital Engineering,React Developer,"Hyderabad, Telangana, India"
85,AI Product Based company,Interesting Job Opportunity: Frontend/Javascript Developer - AngularJS/Redux/React.js,"Hyderabad, Telangana, India"
86,Fusion Plus Solutions Inc,React.JS Full Stack Developer,"Hyderabad, Telangana, India"
87,WebileApps (India) Pvt. Ltd. (A KFin Technologies company),Software Engineer,"Hyderabad, Telangana, India"
88,MOXIEIT DIGITAL,React.js Developer - TypeScript/Javascript,"Hyderabad, Telangana, India"
89,Arrise Solutions (India) Pvt. Ltd.,SDE II-Frontend,"Hyderabad, Telangana, India"
90,Palni Inc,Python Full Stack Developer,"Hyderabad, Telangana, India"
91,IT Minds LLC,Fullstack Developer with React exp,"Hyderabad, Telangana, India"
92,HyreFox Consultants,SDET _Automation _ 18449655(Hyderabad/Chennai/Bengaluru/TVR/Kochi),"Hyderabad, Telangana, India"
93,Cortex Consultants LLC,UI UX Developer,"Hyderabad, Telangana, India"
94,Uplers,Frontend (React JS) Engineer (Hyderabad),"Hyderabad, Telangana, India"
95,Sdc Managgement Solutions Pvt Ltd,Web Designer,"Hyderabad, Telangana, India"
96,Knack Consulting Services Pvt Ltd.,Python React Developer,"Hyderabad, Telangana, India"
97,VOCO Technologies,UI developer with React native -Hybrid - 3 years to 8 years- Immediate Joiners,"Hyderabad, Telangana, India"
98,iSpatial Techno Solutions (IST),Full Stack Developer,"Hyderabad, Telangana, India"
99,Fusion Plus Solutions Inc,Sr. ReactJS Developer,"Hyderabad, Telangana, India"
100,Fusion Plus Solutions Inc,Scrum Master,"Hyderabad, Telangana, India"
101,Fusion Plus Solutions Inc,Software Development Engineer,"Hyderabad, Telangana, India"
102,Accellor,Web Application Developer,"Hyderabad, Telangana, India"
103,Enfec Solutions,Interesting Job Opportunity: Enfec Solutions - UI Developer - AngularJS/React.js,"Hyderabad, Telangana, India"
104,Fission Labs,Sr. Javascript/UI Engineer,"Hyderabad, Telangana, India"
105,SKILLETY,JavaScript Developers,"Hyderabad, Telangana, India"
106,Phenom,Product Development Engineer II - FullStack,"Hyderabad, Telangana, India"
107,Navtech,React Native Developer,"Hyderabad, Telangana, India"
108,IT,AIFA Labs - MERN Stack/Full Stack Developer - React.js/Node.js,"Hyderabad, Telangana, India"
109,Fusion Plus Solutions Inc,"Node js, React js","Hyderabad, Telangana, India"
110,DeMeNew Tech Pvt. Ltd.,Fullstack Developer,"Hyderabad, Telangana, India"
111,AlgoUniversity,Full Stack Development Engineer (Work from Office),"Hyderabad, Telangana, India"
112,IDESLABS PRIVATE LIMITED,React Native Developer,"Hyderabad, Telangana, India"
113,Credera,Mobile Engineer,"Hyderabad, Telangana, India"
114,Go Viralll,Full Stack Developer,"Hyderabad, Telangana, India"
115,Alp Consulting Ltd.,React + AWS Developer,"Hyderabad, Telangana, India"
116,Excelra,Excelra hiring React JS + Java,"Hyderabad, Telangana, India"
117,THire Global Services,Full Stack Developer - Java/React.js,"Hyderabad, Telangana, India"
118,"Dubai Jobs, Gulf Jobs, Jobs in Dubai, Qatar, Kuwait - Boyen Haddin & The Giant HR Consultant",AI Developer,"Hyderabad, Telangana, India"
119,Techgrit Solutions India Pvt.LTd,Angular/React Developer,"Hyderabad, Telangana, India"
120,Marktine Technology Solutions Pvt Ltd,Senior UI Developer - React.js/Vue.js,"Hyderabad, Telangana, India"
121,VOCO Technologies,UI developer with Flutter -Hybrid - 3 years to 8 years,"Hyderabad, Telangana, India"
122,JALA Academy,Full Stack Developer Intern,"Hyderabad, Telangana, India"
123,Highspot,"Frontend Engineer II, Doc Gen","Hyderabad, Telangana, India"
124,Fusion Plus Solutions Inc,Full-Stack Web Developer,"Hyderabad, Telangana, India"
125,Fusion Plus Solutions Inc,(Java with React,"Hyderabad, Telangana, India"
126,ThinkDeeply,Staff Engineer: UI/UX,"Hyderabad, Telangana, India"
127,Acme Services,Full Stack Developer,"Hyderabad, Telangana, India"
128,Fusion Plus Solutions Inc,463174,"Hyderabad, Telangana, India"
129,Fusion Plus Solutions Inc,React JS and Python,"Hyderabad, Telangana, India"
130,Fusion Plus Solutions Inc,React Native Developer,"Hyderabad, Telangana, India"
131,Fusion Plus Solutions Inc,Fullstack Lead,"Hyderabad, Telangana, India"
132,SKILLETY,Full Stack Developer,"Hyderabad, Telangana, India"
133,Infobahn Softworld Inc,UI/UX DEVELOPER - SAP Labs,"Hyderabad, Telangana, India"
134,"RealPage, Inc.",UI Developer II (React JS),"Hyderabad, Telangana, India"
135,Fusion Plus Solutions Inc,"java,React","Hyderabad, Telangana, India"
136,Khumbu Systems Inc.,React Native Developer,"Hyderabad, Telangana, India"
137,AXS Solutions,Full Stack Developer,"Hyderabad, Telangana, India"
138,Kairos Konnect,MERN Stack Developer - Web Apps,"Hyderabad, Telangana, India"
139,Fusion Plus Solutions Inc,Full Stack developer,"Hyderabad, Telangana, India"
140,Fusion Plus Solutions Inc,UI/UX Full Stack,"Hyderabad, Telangana, India"
141,Dun & Bradstreet,MERN Full Stack Developer (R-14924),"Hyderabad, Telangana, India"
142,Angel and Genie,Full Stack Developer - hyderabad,"Hyderabad, Telangana, India"
143,Vinil It Services,PHP Developer - Internship,"Hyderabad, Telangana, India"
144,IT Minds LLC,Java Full Stack Developer,"Hyderabad, Telangana, India"
145,Phenom,Product Development Engineer I,"Hyderabad, Telangana, India"
146,Ivy,Risk & Payments Agent,"Hyderabad, Telangana, India"
147,techolution,Lead UI Developer,"Hyderabad, Telangana, India"
148,EITACIES Inc.,React Native Developer,"Hyderabad, Telangana, India"
149,Fusion Plus Solutions Inc,450924,"Hyderabad, Telangana, India"
150,Golden Hills Capital,Golden Hills Capital - Frontend Developer - React.js/AngularJS,"Hyderabad, Telangana, India"
151,Anram Solutions Private Limited,React Native Developer,"Hyderabad, Telangana, India"
152,Fusion Plus Solutions Inc,React Native,"Hyderabad, Telangana, India"
153,Fusion Plus Solutions Inc,435333,"Hyderabad, Telangana, India"
154,Fusion Plus Solutions Inc,fullstack developer,"Hyderabad, Telangana, India"
155,SAPBOT Technologies,Interesting Job Opportunity: PHP Full Stack Developer - Vue.js/React.js,"Hyderabad, Telangana, India"
156,Fusion Plus Solutions Inc,5 Requirements from Asmitha ___Truist,"Hyderabad, Telangana, India"
157,VARITE INC,Recruitment Coordinator,"Hyderabad, Telangana, India"
158,Appincubator,React Native Developer,"Hyderabad, Telangana, India"
159,Softobiz Technologies Private Limited,Softobiz Technologies - Frontend Developer - jQuery/Javascript,"Hyderabad, Telangana, India"
160,Techwave,Fullstack Developer,"Hyderabad, Telangana, India"
161,beechi vidya kendra,UI Engineer,"Hyderabad, Telangana, India"
162,Goldman Sachs,Asset & Wealth Management-Mosaic Tech-Hyderabad-Analyst-Software Engineering,"Hyderabad, Telangana, India"
163,SHC Technologies,Full Stack Developer,"Hyderabad, Telangana, India"
164,Superjet Group,Full Stack Developer,"Hyderabad, Telangana, India"
165,Fusion Plus Solutions Inc,Fullstack Developer,"Hyderabad, Telangana, India"
166,Global Talent Exchange,React/RoR Developer - Return India,"Hyderabad, Telangana, India"
167,Zaggle,Full Stack Developer,"Hyderabad, Telangana, India"
168,Fusion Plus Solutions Inc,456307,"Hyderabad, Telangana, India"
169,Goldman Sachs,"Global Banking & Markets, Hyderabad, Analyst, Software Engineering","Hyderabad, Telangana, India"
170,U-SET,Full Stack Developer - Java/React.js/AngularJS,"Hyderabad, Telangana, India"
171,Talent Titan (formerly EduThrill),.Net Developer - Blazor/React.js,"Hyderabad, Telangana, India"
172,Upshoot,Shopify Developer (TypeScript) /6-12 years,"Hyderabad, Telangana, India"
173,ACURA SOLUTIONS LTD,Associate Software Engineer - React JS (Fintech Company),"Hyderabad, Telangana, India"
174,BlueByte Technologies,Full Stack Developer - Python/React.js,"Hyderabad, Telangana, India"
175,Fusion Plus Solutions Inc,456243,"Hyderabad, Telangana, India"
176,IT Minds LLC,.Net Full Stack Developer,"Hyderabad, Telangana, India"
177,Fusion Plus Solutions Inc,Full Stack Engineer,"Hyderabad, Telangana, India"
178,Fusion Plus Solutions Inc,Full Stack Engineer,"Hyderabad, Telangana, India"
179,Aexonic Technologies Pvt. Ltd.,Project Manager,"Hyderabad, Telangana, India"
180,Birlasoft,Contractor,"Hyderabad, Telangana, India"
181,Fusion Plus Solutions Inc,433735,"Hyderabad, Telangana, India"
182,SKILLETY,full Stack developer,"Hyderabad, Telangana, India"
183,DeMeNew Tech Pvt. Ltd.,Fullstack Developer,"Hyderabad, Telangana, India"
184,IT Minds LLC,Java Full Stack Lead,"Hyderabad, Telangana, India"
185,Credit Vidya,Senior UI Developer - React.js/Vue.js/AngularJS,"Hyderabad, Telangana, India"
186,Fusion Plus Solutions Inc,444324,"Hyderabad, Telangana, India"
187,Fusion Plus Solutions Inc,React Native Developer,"Hyderabad, Telangana, India"
188,Soul of Pluto,Mobile App Developer,"Hyderabad, Telangana, India"
189,Covalent Software Limited,Software Engineer,"Hyderabad, Telangana, India"
190,ESSENWARE PRIVATE LIMITED,Jobs on Java Fullstack with React/Angular,Greater Hyderabad Area
191,Fusion Plus Solutions Inc,434371,"Hyderabad, Telangana, India"
192,Mutual Mobile | A Grid Dynamics Company,Full Stack Developer - Server Applications - Node.js,"Hyderabad, Telangana, India"
193,Fusion Plus Solutions Inc,Full Stack developer,"Hyderabad, Telangana, India"
194,SquareShift,QA Automation Engineer,"Hyderabad, Telangana, India"
195,Phenom,Product Development Engineer I - FullStack,"Hyderabad, Telangana, India"
196,Alp Consulting Ltd.,Java with ReactJS,"Hyderabad, Telangana, India"
197,Fusion Plus Solutions Inc,465108,"Hyderabad, Telangana, India"
198,W3Softech India Private Limited,React Native Developer,"Hyderabad, Telangana, India"
199,Novel Financial Solutions,PHP Developer,"Hyderabad, Telangana, India"
200,2COMS Consulting Pvt. Ltd.,Java Full Stack Development,"Hyderabad, Telangana, India"
201,Mutual Mobile | A Grid Dynamics Company,Python Developer,"Hyderabad, Telangana, India"
202,TransGraph Consulting Pvt. Ltd.,Programmer Analyst (Mobile Technology),"Hyderabad, Telangana, India"
203,Predera,Software Engineer - Python Full Stack Developer,"Hyderabad, Telangana, India"
204,Fusion Plus Solutions Inc,Full Stack Developer,"Hyderabad, Telangana, India"
205,SKILLETY,Java with Angular JS/React JS,"Hyderabad, Telangana, India"
206,Fusion Plus Solutions Inc,456431,"Hyderabad, Telangana, India"
207,Sagarsoft (India) Ltd,Mernstack Developer - Node.js React.js MongoDB,"Hyderabad, Telangana, India"
208,Acme Services,Ntwk assurance React Node 5,"Hyderabad, Telangana, India"
209,Tekskills Inc.,React Native Developer - iOS/Android Platform,"Hyderabad, Telangana, India"
210,Nisum,Mid-Level UI Developer - N5404,"Hyderabad, Telangana, India"
211,Fusion Plus Solutions Inc,Full Stack developer,"Hyderabad, Telangana, India"
212,oOgram Technologies Pvt Ltd,Mobile application developer,"Hyderabad, Telangana, India"
213,Go Viralll,Back End Developer,"Hyderabad, Telangana, India"
214,Fusion Plus Solutions Inc,444324,"Hyderabad, Telangana, India"
215,Ivy,Software Engineer - Java,"Hyderabad, Telangana, India"
216,GFL Recruitment Private Limited,IONIC DEVELOPER/ REACT NATIVE in remote,"Hyderabad, Telangana, India"
217,Covinsys Technologies Private Limited,Fullstack developer,"Hyderabad, Telangana, India"
218,Fusion Plus Solutions Inc,SDETs,"Hyderabad, Telangana, India"
219,BrightEdge,Full Stack Engineer,"Hyderabad, Telangana, India"
220,TensorGo Software,TensorGo Software - React Native Developer - Mobile App Designing,"Hyderabad, Telangana, India"
221,"RealPage, Inc.",Developer III – React Native,"Hyderabad, Telangana, India"
222,Astria Digital,Astria Digital - React Native Developer - iOS/Android Platform,"Hyderabad, Telangana, India"
223,Fusion Plus Solutions Inc,".net + react, and SQL","Hyderabad, Telangana, India"
224,Artists Affiliated,Junior MERN Stack Developer - Node.js/React.js,Greater Hyderabad Area
225,Disprz,Fullstack Developer (Springboot/AngularJS/J2EE/NodeJS),"Hyderabad, Telangana, India"
226,Mutual Mobile | A Grid Dynamics Company,Python Developer,"Hyderabad, Telangana, India"
227,IDESLABS PRIVATE LIMITED,React Native Developers,"Hyderabad, Telangana, India"
228,Fusion Plus Solutions Inc,Automated Testing,"Hyderabad, Telangana, India"
229,IDESLABS PRIVATE LIMITED,React Native Developer,"Hyderabad, Telangana, India"
230,HuntingCube Recruitment Solutions,Full Stack Developer,"Hyderabad, Telangana, India"
231,Concept Consultant Service,Mern Stack Full stack Developer__Hyderabad,"Hyderabad, Telangana, India"
232,NomiSo Inc,SRE Architect,"Hyderabad, Telangana, India"
233,Swivt Technologies,MERN Stack Developer - Web Apps,"Hyderabad, Telangana, India"
234,Fusion Plus Solutions Inc,Sr Software Engineer,"Hyderabad, Telangana, India"
235,GFL Recruitment Private Limited,MERN Stack Developer_ Hyderabad,"Hyderabad, Telangana, India"
236,M and M Consultant,Freelance Software Developers,"Hyderabad, Telangana, India"
237,Upshoot,Shopify-Golang Developers/ 6-12 years / India,"Hyderabad, Telangana, India"
238,Dev Rabbit IT Solutions,React Native Developer,"Hyderabad, Telangana, India"
239,Fusion Plus Solutions Inc,Dot Net,"Hyderabad, Telangana, India"
240,Lavu Inc.,PHP Developer,"Hyderabad, Telangana, India"
241,ATC,Story Boarding Artist,"Hyderabad, Telangana, India"
242,Hugosave,Software Engineer - Mobile,"Hyderabad, Telangana, India"
243,Fusion Plus Solutions Inc,Development clients,"Hyderabad, Telangana, India"
244,GUS Education India,GUS Education - Full Stack Developer - Node.js/Vue.js/React.js,"Hyderabad, Telangana, India"
245,Wilmer Technologies,Ruby on Rails Developer,"Hyderabad, Telangana, India"
246,Credera,Architect Data Engineer,"Hyderabad, Telangana, India"
247,IDESLABS PRIVATE LIMITED,K2 Developer,"Hyderabad, Telangana, India"
248,P99SOFT,P99SOFT - React.js Developer/Architect - Javascript/Redux,"Hyderabad, Telangana, India"
249,Subskribe,Test Automation Engineer - Enterprise SaaS,"Hyderabad, Telangana, India"
250,alliance recruitment agency,React Native App Developer,"Hyderabad, Telangana, India"
251,"RealPage, Inc.",Full Stack Software Engineer II,"Hyderabad, Telangana, India"
252,algoleap,Java Developer,"Hyderabad, Telangana, India"
253,Michael Page,Full Stack Java Engineer,"Hyderabad, Telangana, India"
254,Concept Consultant Service,Mern stack Developer - Hyderabad,"Hyderabad, Telangana, India"
255,Medtronic,Enterprise Software Engineer II,"Hyderabad, Telangana, India"
256,Fusion Plus Solutions Inc,459199,"Hyderabad, Telangana, India"
257,Fusion Plus Solutions Inc, Minimum Experience  5+ years  Handson development experience with React JS and Python  Good und,"Hyderabad, Telangana, India"
258,Fusion Plus Solutions Inc,UBS WMA- Need profiles for Urgent requirement (,"Hyderabad, Telangana, India"
259,Kaarlo Training & HR Solutions Pvt. Ltd.,Sitecore Developer - Hyderabad,"Hyderabad, Telangana, India"
260,Beyondsoft Singapore,Full Stack Developer (Java and React) - DBI,"Hyderabad, Telangana, India"
261,Syniverse,System Analyst II,"Hyderabad, Telangana, India"
262,Fantasy World Toys,Full Stack Developer - Magento,"Hyderabad, Telangana, India"
263,Triaksha Automation Technologies Pvt. Ltd.,Dot net Full stack developer,"Hyderabad, Telangana, India"
264,alliance recruitment agency,Full Stack Web Developer,"Hyderabad, Telangana, India"
265,Freelanceranas,Hospital Administrator and staffs needed,"Hyderabad, Telangana, India"
266,Syniverse,System Analyst II,"Hyderabad, Telangana, India"
267,Freelancerlamani,Hospital Administrator and staffs needed,"Hyderabad, Telangana, India"
268,Garima Interprises,Hospital Administrator,"Hyderabad, Telangana, India"
269,3.0Labs,3.0 Labs - Full Stack Developer - MERN Stack,"Hyderabad, Telangana, India"
270,Fusion Plus Solutions Inc,Python Full Stack Developer,"Hyderabad, Telangana, India"
271,Fusion Plus Solutions Inc,"AWS, Terraform or Python","Hyderabad, Telangana, India"
272,Nisum,Senior UI Developer - N5405,"Hyderabad, Telangana, India"
273,Accenture in India,Trust & Safety Associate - Transaction risk management,"Hyderabad, Telangana, India"
274,SKILLETY,Java with UI developer,"Hyderabad, Telangana, India"
275,Fusion Plus Solutions Inc,Mobile app Developer,"Hyderabad, Telangana, India"
276,Uplers,Full Stack Developer (React Js + Node Js) (Hyderabad),"Hyderabad, Telangana, India"
277,Paymerang,Paymerang - Software Development Engineer - Test - Automation Testing,"Hyderabad, Telangana, India"
278,CIEL HR,ServiceNow Strong Development + Platform,"Hyderabad, Telangana, India"
279,Intel Corporation,Development Tools GUI Engineer,"Hyderabad, Telangana, India"
280,Micron Technology,Web Services Integration Specialist,"Hyderabad, Telangana, India"
281,Fusion Plus Solutions Inc,AWS Consultant,"Hyderabad, Telangana, India"
282,Honeywell,Software Engr II,"Hyderabad, Telangana, India"
283,Concept Consultant Service,Mern Stack Full stack Developer_Telangana,"Hyderabad, Telangana, India"
284,SKILLETY,.Net /WPF Developer,"Hyderabad, Telangana, India"
285,Fusion Plus Solutions Inc,.Net Core + ReactJs,"Hyderabad, Telangana, India"
286,Fusion Plus Solutions Inc,Java developer,"Hyderabad, Telangana, India"
287,Uplers,Full Stack Engineer (React.js and Next.js) with Node.js and AWS Expertise (Hyderabad),"Hyderabad, Telangana, India"
288,CIEL HR,ServiceNow Strong Development + Platform,"Hyderabad, Telangana, India"
289,NCR Voyix,SW Engineer II,"Hyderabad, Telangana, India"
290,ATAI LABS,SMTS Full-stack Engineer,"Hyderabad, Telangana, India"
291,Thinqor solutions,Java Full Stack Developer,"Hyderabad, Telangana, India"
292,U-SET,API Developer - Client Server Applications,"Hyderabad, Telangana, India"
293,Shivam Medisoft Services Pvt Ltd,Full Stack Java Developer,"Hyderabad, Telangana, India"
294,CloudRay,.Net Developer,"Hyderabad, Telangana, India"
295,HireXtra,Pega Developer - PRPC/CSSA,"Hyderabad, Telangana, India"
296,Enploy,Data Visualization Specialist - Figma/Illustrator,"Hyderabad, Telangana, India"
297,Arete,Full Stack Developer,"Hyderabad, Telangana, India"
298,Fusion Plus Solutions Inc,AWS consultant,"Hyderabad, Telangana, India"
299,TechnipFMC,IDS Custom Developer,"Hyderabad, Telangana, India"
300,Concept Consultant Service,Mern stack Developer - Telangana,"Hyderabad, Telangana, India"
301,GUS Education,Associate Consultant,"Hyderabad, Telangana, India"
302,SKILLETY,J2EE full stack developer,"Hyderabad, Telangana, India"
303,Fusion Plus Solutions Inc,Power App,"Hyderabad, Telangana, India"
304,Accenture in India,Trust & Safety Analyst - Transaction risk management,"Hyderabad, Telangana, India"
305,Zortech Solutions,Full Stack Dot Net Developer,"Hyderabad, Telangana, India"
306,Uplers,Jr. React Native Developer (Hyderabad),"Hyderabad, Telangana, India"
307,ACURA SOLUTIONS LTD,Associate Software Engineer - .Net (Fintech Company),"Hyderabad, Telangana, India"
308,Jade Global,ServiceNow Developer with Angular JS,"Hyderabad, Telangana, India"
309,MassMutual India,Platform Engineer,"Hyderabad, Telangana, India"
310,AdvanSoft,Interesting Job Opportunity: .Net Developer - C#/ASP,"Hyderabad, Telangana, India"
311,Fusion Plus Solutions Inc,.Net Core,"Hyderabad, Telangana, India"
312,SignalX.ai,Django Developer - Python,"Hyderabad, Telangana, India"
313,Nisum,Mid-Level FullStack Developer - N5408,"Hyderabad, Telangana, India"
314,Dicetek LLC,JAVA Developer,"Hyderabad, Telangana, India"
315,Seanergy Digital,Interesting Job Opportunity: Seanergy Digital - .Net Developer - C#/ASP,"Hyderabad, Telangana, India"
316,Mutual Mobile | A Grid Dynamics Company,Cordova Developer,"Hyderabad, Telangana, India"
317,Fusion Plus Solutions Inc,Python Full stack,"Hyderabad, Telangana, India"
318,EazyRooms,Full stack Developer (React - Python Django),"Hyderabad, Telangana, India"
319,ESSENWARE PRIVATE LIMITED,"Java Developer (NodeJS,React Js,)","Hyderabad, Telangana, India"
320,Zeta Global,Software Engineer (Java),"Hyderabad, Telangana, India"
321,Techwave,.Net Architect,"Hyderabad, Telangana, India"
322,Techgrit Solutions India Pvt.LTd,Java Full Stack Developer,"Hyderabad, Telangana, India"
323,Jobs via eFinancialCareers,Full-Stack Developer,"Hyderabad, Telangana, India"
324,CIEL HR,java developer,"Hyderabad, Telangana, India"
325,CIEL HR,java developer,"Hyderabad, Telangana, India"
326,IT Minds LLC,Java Full Stack Lead,"Hyderabad, Telangana, India"
327,Fusion Plus Solutions Inc,".Net core, Infosys","Hyderabad, Telangana, India"
328,GUS Education,Associate Consultant,"Hyderabad, Telangana, India"
329,W3Softech India Private Limited,Magento Developer,"Hyderabad, Telangana, India"
330,Green Gold Animation Pvt Ltd,3D Lighting - Fur Lighting/Master Lighting,"Hyderabad, Telangana, India"
331,Fusion Plus Solutions Inc,BACK-END DEVELOPER IN NODE JS,"Hyderabad, Telangana, India"
332,NeuraFlash,Salesforce Developer,"Hyderabad, Telangana, India"
333,JTek Software Solutions Pvt Ltd,Full Stack Developer - PHP/Node.js/Angular,"Hyderabad, Telangana, India"
334,EazyRooms,Full Stack Developer (Laravel & Angular JS / React JS),"Hyderabad, Telangana, India"
335,Revolo Infotech,Revolo Infotech - Java Developer - Spring Boot/Hibernate,"Hyderabad, Telangana, India"
336,SKILLETY,.Net Developer,"Hyderabad, Telangana, India"
337,Coders Brain,Twilio Engineer - Flex Architecture,"Hyderabad, Telangana, India"
338,Wallero,Wallero Technologies - .Net Developer - ASP/C#/WebAPI,"Hyderabad, Telangana, India"
339,Fusion Plus Solutions Inc,Power App developer,"Hyderabad, Telangana, India"
340,ESSENWARE PRIVATE LIMITED,Hiring for Java Full Stack Developer for Wipro for Hyderabad Bangalore Chennai for Contract Position,"Hyderabad, Telangana, India"
341,Soul Of Pluto Tech LLP,Mobile App Developer,"Hyderabad, Telangana, India"
342,SKILLETY,Senior Lead - Java Full Stack,"Hyderabad, Telangana, India"
343,Fusion Plus Solutions Inc,Java Developer,"Hyderabad, Telangana, India"
344,NeuraFlash,Salesforce Developer,"Hyderabad, Telangana, India"
345,Fusion Plus Solutions Inc,Java Developer,"Hyderabad, Telangana, India"
346,SKILLETY,Android/IOS Developer,"Hyderabad, Telangana, India"
347,Designit,Full Stack .Net Developer,"Hyderabad, Telangana, India"
348,Syniverse,Financial Clearing Specialist II,"Hyderabad, Telangana, India"
349,PeopleDecode,Java Full Stack Developer,"Hyderabad, Telangana, India"
350,IDESLABS PRIVATE LIMITED,Share Point Developer,"Hyderabad, Telangana, India"
351,SKILLETY,Java Script Performance engineer,"Hyderabad, Telangana, India"
352,Fusion Plus Solutions Inc,.Net core Developer,"Hyderabad, Telangana, India"
353,ESSENWARE PRIVATE LIMITED,FULL STACK DEVELOPER - 8-10 years Relevant Exp,"Hyderabad, Telangana, India"
354,Fusion Plus Solutions Inc,"Core java (java 8) Springboot, Microservices React JS","Hyderabad, Telangana, India"
355,Fusion Plus Solutions Inc,.Net,"Hyderabad, Telangana, India"
356,Fusion Plus Solutions Inc,Java Full Stack,"Hyderabad, Telangana, India"
357,Fusion Plus Solutions Inc,Backend programmer (Mushroom),"Hyderabad, Telangana, India"
358,Fusion Plus Solutions Inc,Azure.Net,"Hyderabad, Telangana, India"
359,NomiSo Inc,Ruby On Rails Developer,"Hyderabad, Telangana, India"
360,AmplifAI,Full Stack - .NET Core Developer,"Hyderabad, Telangana, India"
361,Federal Soft Systems Inc.,Java Full Stack Developer,"Hyderabad, Telangana, India"
362,krazy mantra hr solutions,Hiring For FULLSTACK Developer,"Hyderabad, Telangana, India"
363,stefanini groups,ColdFusion Mid. Web Applications Developer/Supervisor,"Hyderabad, Telangana, India"
364,Fusion Plus Solutions Inc,SharePoint Developer,"Hyderabad, Telangana, India"
365,krazy mantra hr solutions,Hiring For JAVA REACT FULLSTACK,"Hyderabad, Telangana, India"
366,IQuest Solutions Corporation,Core JAVA Developer,"Hyderabad, Telangana, India"
367,Excelra Knowledge Solutions,Excelra - Full Stack Developer - Java/React.js,"Banjara Hills, Telangana, India"
368,IDESLABS PRIVATE LIMITED,Java Full Stack Developer,"Hyderabad, Telangana, India"
369,ATIT Proficient,AWS Data Engineer - SQL/Python,"Hyderabad, Telangana, India"
370,Fusion Plus Solutions Inc,.net Core,"Hyderabad, Telangana, India"
371,AAYUV TECHNOLOGIES PRIVATE LIMITED,ekincare - Full Stack Developer - Ruby on Rails/React.js,"Hyderabad, Telangana, India"
372,Mirabel Technologies,.NET Developer - Full Stack,"Hyderabad, Telangana, India"
373,IDESLABS PRIVATE LIMITED,K2 Developer,"Hyderabad, Telangana, India"
374,krazy mantra hr solutions,Hiring For Java React JS,"Hyderabad, Telangana, India"
375,krazy mantra hr solutions,Hiring For Java React JS,"Hyderabad, Telangana, India"
376,MassMutual India,Sitecore developer,"Hyderabad, Telangana, India"
377,Fusion Plus Solutions Inc,Dot Net Fullstack,"Hyderabad, Telangana, India"
378,Atai Labs,Interesting Job Opportunity: AtAI Labs - Full Stack Engineer - Flask/Python,"Hyderabad, Telangana, India"
379,Qween Network LLP,Java MS developer,"Hyderabad, Telangana, India"
380,Accenture in India,Trust & Safety New Associate - Transaction risk management,"Hyderabad, Telangana, India"
381,Fusion Plus Solutions Inc,Full stack developer (.Net Code +Azure+Database),"Hyderabad, Telangana, India"
382,SKILLETY,.Net Developer,"Hyderabad, Telangana, India"
383,Zensar Technologies,Sitecore Developer_R,"Hyderabad, Telangana, India"
384,IDESLABS PRIVATE LIMITED,IOS/Android Developer,"Hyderabad, Telangana, India"
385,UST,Java Fullstack,"Hyderabad, Telangana, India"
386,Jade Global,Service Portal Developer,"Hyderabad, Telangana, India"
387,Fusion Plus Solutions Inc,ADF Developer,"Hyderabad, Telangana, India"
388,Captum IT,Software Engineer - Python/.Net,"Hyderabad, Telangana, India"
389,Micron Technology,MOD/SSD Platform Integration Engineer,"Hyderabad, Telangana, India"
390,IDESLABS PRIVATE LIMITED,Java Developers,"Hyderabad, Telangana, India"
391,Covalent Software Limited,Software Engineer L2 - .Net Core,"Hyderabad, Telangana, India"
392,Honeywell,Advanced Software Engr,"Hyderabad, Telangana, India"
393,IDESLABS PRIVATE LIMITED,Java/BTP Developers,"Hyderabad, Telangana, India"
394,aeries technology group ( sabre industries ),Java Developer,"Hyderabad, Telangana, India"
395,CGI,.NET Developer,"Hyderabad, Telangana, India"
396,Fusion Plus Solutions Inc,Java Backend developer,"Hyderabad, Telangana, India"
397,Fusion Plus Solutions Inc,Java Architect,"Hyderabad, Telangana, India"
398,ESSENWARE PRIVATE LIMITED,Java Developer,"Hyderabad, Telangana, India"
399,UST,Java Fullstack,"Hyderabad, Telangana, India"
400,Genpact,Process Associate – Service Desk-ITO074290,"Hyderabad, Telangana, India"
401,Cloud Hire,Full Stack Developer - .Net Core,"Hyderabad, Telangana, India"
402,Nstarx India,NStarX - Python Full Stack Developer - Flask/Django,"Hyderabad, Telangana, India"
403,Accenture in India,Trust & Safety Analyst - Transaction risk management,"Hyderabad, Telangana, India"
404,Uplers,User Interface (UI) Lead (Hyderabad),"Hyderabad, Telangana, India"
405,Zetechno Products and Services Pvt Ltd,ServiceNow Developer - ITSM/ITOM,Greater Hyderabad Area
406,acuvate software pvt ltd,M365 Developer,"Hyderabad, Telangana, India"
407,ESSENWARE PRIVATE LIMITED,Job Openings on Java Full stack,"Hyderabad, Telangana, India"
408,ESSENWARE PRIVATE LIMITED,Jobs on Security Engineer Appsec Positions,"Hyderabad, Telangana, India"
409,Canonical,Golang Engineer,"Hyderabad, Telangana, India"
410,Global Talent Exchange,.NET developer - Return India,"Hyderabad, Telangana, India"
411,Aliqan Services,PHP Developer - eCommerce Websites &amp; Apps,"Hyderabad, Telangana, India"
412,Accenture in India,Trust & Safety Analyst - Transaction risk management,"Hyderabad, Telangana, India"
413,Zensar Technologies,Polyglot Developer,"Hyderabad, Telangana, India"
414,Syniverse,Roaming Testing Engineer II,"Hyderabad, Telangana, India"
415,Kodehash Technologies,Kodehash - Python Developer - Full Stack Technologies,"Hyderabad, Telangana, India"
416,Elixir Consulting (A Gi Group Holding company),Java Fullstack Developer,"Hyderabad, Telangana, India"
417,NCR Voyix,SW Engineer II,"Hyderabad, Telangana, India"
418,Alp Consulting Ltd.,Golang Developer,"Hyderabad, Telangana, India"
419,CGI,.net Full Stack Developer,"Hyderabad, Telangana, India"
420,ClientServer Solutions Pvt. Ltd,Client Server Technology Solutions - Python Developer - Flask/REST API,"Hyderabad, Telangana, India"
421,Alp Consulting Ltd.,.Net full stack developer,"Hyderabad, Telangana, India"
422,LabInformatics Solutions India Private Limited,.Net Full Stack Developer,"Hyderabad, Telangana, India"
423,Rapid Consulting Services,GUIDEWIRE DIGITAL PORTAL DEVELOPER,"Hyderabad, Telangana, India"
424,"RealPage, Inc.",Ruby on Rails Engineer,"Hyderabad, Telangana, India"
425,"RealPage, Inc.",Ruby on Rails Engineer,"Hyderabad, Telangana, India"
426,Honeywell,Advanced Software Engr,"Hyderabad, Telangana, India"
427,Kiash Solutions LLP,Associate .Net Developer - C#/ASP/AngularJS,"Hyderabad, Telangana, India"
428,srisaas web designing company,PHP Developers,"Hyderabad, Telangana, India"
429,Franklin Templeton,"Software Engineer (Python, SQL, .Net/Java)","Hyderabad, Telangana, India"
430,Coders Brain Technology Pvt. Ltd.,.Net Core Developer - C#/Javascript,"Hyderabad, Telangana, India"
431,Gemini Consulting Services India Pvt Ltd,Full Stack Engineer - Ruby on Rails,"Hyderabad, Telangana, India"
432,CGI,.NET Full Stack Developer,"Hyderabad, Telangana, India"
433,2COMS Consulting Pvt. Ltd.,Dot net Core Full stack developers with Angular 7+ f//5-11 yrs,"Hyderabad, Telangana, India"
434,CGI,.NET Full Stack Developer,"Hyderabad, Telangana, India"
435,Aliqan Services,Golang Developer - Microservices Architecture,"Hyderabad, Telangana, India"
436,Tentacle Technologies,Tentacle - TeamSite Developer - Java Technologies,Greater Hyderabad Area
437,Uplers,Backend (Python) Engineer (Hyderabad),"Hyderabad, Telangana, India"
438,c p careers pvt. ltd,Java (Full-Stack) Senior consultant / Developer,"Hyderabad, Telangana, India"
439,LotVue India LLP,Ruby on Rails Developer - Linux/Ubuntu,"Hyderabad, Telangana, India"
440,Codersbrain technology pvt ltd,.Net Core Developer - C#/Javascript,"Hyderabad, Telangana, India"
